cluster,METEOR_base,count,METEOR_aug,METEOR_delta
202,79.09814433251933,2,84.73769112113445,5.639546788615121
41,76.37606681039574,4,62.84021436462843,-13.535852445767311
289,73.8954922628392,1,63.559322033898304,-10.336170228940894
73,64.27700284326069,6,62.72331850334927,-1.5536843399114204
77,63.447978907649954,9,62.47014359416667,-0.9778353134832827
3,60.159710499338566,10,42.672183937056346,-17.48752656228222
295,59.26539574943715,4,60.347722412740495,1.0823266633033484
293,59.25047534367326,4,54.8757568378907,-4.37471850578256
22,58.99277806624124,2,49.29182959272948,-9.700948473511765
93,58.53577871081489,4,67.4844105244043,8.948631813589408
166,58.40442816374493,3,61.12836504440515,2.7239368806602187
266,57.24033631604457,3,43.90754225098885,-13.332794065055722
35,56.52913339248744,2,39.94991403154668,-16.579219360940755
250,55.84298267225097,3,55.630488271304415,-0.2124944009465537
180,55.6204179158608,5,47.63557352090982,-7.984844394950976
161,55.60490734367012,31,58.93958433637389,3.33467699270377
193,55.55555555555555,1,40.00000000000001,-15.555555555555543
127,55.47257415757145,11,59.15479539393096,3.68222123635951
218,55.40792592342219,3,46.91142191769163,-8.496504005730564
104,55.25375013536168,7,53.8496275402992,-1.404122595062475
220,55.19206358800774,2,54.63571889103804,-0.5563446969697026
0,55.01351821476202,9,58.64496465600708,3.6314464412450604
302,54.85336386266065,8,52.366161832244856,-2.4872020304157942
287,54.02945575556285,8,55.58692205362826,1.5574662980654068
149,53.78849689064977,5,54.215488012390686,0.4269911217409188
301,53.71427427448023,5,55.48421655050381,1.7699422760235777
12,53.26003548836648,10,44.70230253430117,-8.557732954065315
28,53.19920003590874,8,54.7704355538,1.5712355178912603
254,53.17129969754247,9,47.0047385983026,-6.166561099239871
38,52.94573574807666,36,51.51954274827436,-1.4261929998022964
292,52.52753180882164,15,50.50131789617606,-2.0262139126455807
303,52.473262032085564,2,69.01502837159708,16.54176633951152
238,52.27430441042707,7,42.65126186749188,-9.623042542935188
279,52.17910396764556,7,50.59025592206452,-1.588848045581038
261,52.148928074991325,11,62.45551554884697,10.306587473855643
308,51.88483050143008,35,54.580334796458914,2.695504295028833
204,51.83647865657472,3,68.66241298879824,16.825934332223518
14,51.695373902415135,19,55.61695930298608,3.9215854005709474
115,51.65483366883499,8,42.0054140072234,-9.649419661611589
208,51.5714465682498,9,63.53955646914931,11.968109900899513
10,51.4949549701028,8,53.50601899427608,2.0110640241732796
275,51.33071960105743,5,37.921929779468535,-13.408789821588897
306,51.32785408716253,7,59.012890826755154,7.685036739592626
146,51.170822205187775,5,58.90296046546047,7.732138260272691
249,51.13971523010426,2,54.2572463768116,3.1175311467073428
111,50.79744046930273,45,43.652722920109134,-7.144717549193594
153,50.592316030565016,8,49.32474415428719,-1.2675718762778274
278,50.50040450799733,8,50.95176945364842,0.4513649456510862
126,50.30037394612355,28,52.03903709328478,1.7386631471612333
307,50.09308743307588,31,53.20938156498401,3.116294131908127
241,49.77913693510024,2,39.97037105875633,-9.808765876343912
40,49.718634234995896,16,48.823912828271695,-0.8947214067242015
18,49.43061461920136,19,48.52310185527771,-0.9075127639236484
59,49.30693069306931,1,31.562500000000004,-17.744430693069308
8,49.054036480024266,36,58.49531059825855,9.441274118234283
50,49.04990112065328,8,40.40371742479973,-8.646183695853551
130,48.98506191867997,9,48.40163713394047,-0.5834247847394991
286,48.83200708266845,2,54.94037332675006,6.1083662440816155
114,48.65550524256773,11,44.523006436496445,-4.132498806071283
237,48.282564217968186,5,48.581589194680326,0.2990249767121398
96,48.2662446694031,6,52.79663952979802,4.530394860394921
136,47.76787108122724,3,57.798129490434114,10.030258409206873
99,47.42409713324132,20,51.75183239232249,4.327735259081173
246,47.42175836108722,6,31.761580377425293,-15.660177983661928
251,47.33511629971592,2,51.98979367116826,4.654677371452337
160,47.228371544442815,5,48.8964866603643,1.6681151159214878
48,47.18609755777575,15,49.0579655222205,1.8718679644447462
20,47.0167062320938,7,50.75963382135567,3.7429275892618676
234,46.98421472343888,8,32.260244011477326,-14.723970711961556
15,46.975352077306944,56,50.74088217539004,3.7655300980830972
300,46.63896083648482,63,48.92041269164034,2.2814518551555167
76,46.49239520744897,6,46.93344065971385,0.44104545226488057
112,46.4661406274836,129,45.70244959050532,-0.7636910369782797
113,46.30989550054996,25,43.84454113827729,-2.46535436227267
277,46.28673341963232,68,48.027954081851966,1.7412206622196464
156,46.117894160964006,15,49.005741847618125,2.887847686654119
52,46.02947416134887,3,38.820226359135525,-7.209247802213348
305,45.93918680930455,9,54.73573633650621,8.796549527201655
132,45.88413529499231,12,48.566251460480686,2.682116165488374
170,45.8785384012267,32,46.68438680381864,0.8058484025919412
194,45.80916940341936,4,45.74171503513122,-0.06745436828813922
167,45.527963681548655,2,27.63030638612034,-17.897657295428317
191,45.451978439934585,30,48.66325519768078,3.211276757746198
69,45.43406568356518,5,52.08802370314595,6.65395801958077
179,45.39683873299591,6,48.60128129583229,3.204442562836377
74,45.356949829613605,4,43.45075290787526,-1.906196921738342
232,45.22663906695874,16,45.27806433947339,0.05142527251464912
42,45.19007749408402,18,42.95108782645924,-2.2389896676247787
283,44.72382340599395,2,41.451195862960574,-3.272627543033373
158,44.61736089733734,17,41.40153579689563,-3.2158251004417124
109,44.58242923157614,111,45.77795609640757,1.1955268648314288
244,44.10138199396439,12,52.03872418968245,7.93734219571806
2,43.901560634010025,8,52.74934779284088,8.847787158830855
209,43.895833333333336,2,55.425170068027214,11.529336734693878
19,43.80530542383784,32,49.79522896970366,5.989923545865821
117,43.761165992115714,35,38.0349723066432,-5.726193685472516
90,43.74607284241394,22,43.77319901336164,0.027126170947703088
269,43.7438813516417,18,50.97185293876541,7.227971587123712
46,43.735824348441966,7,43.10346569376004,-0.6323586546819229
256,43.61986727984615,27,46.11638880163847,2.4965215217923244
16,43.60004546131836,14,46.56295833613997,2.962912874821612
224,43.59610918111743,13,37.43574252163217,-6.1603666594852555
157,43.42376114995671,5,47.131494354117606,3.7077332041608955
95,43.26973441146293,6,44.91975995095176,1.65002553948883
72,43.237172398096135,13,49.606258109091904,6.369085710995769
298,42.919999656855246,8,47.81327734307106,4.893277686215811
61,42.884721456150025,1,43.4721833939055,0.587461937755478
43,42.74915169033555,2,28.63090363090363,-14.11824805943192
134,42.7451592962208,12,40.95643276018882,-1.7887265360319802
6,42.60974458920428,6,51.59641052032214,8.986665931117855
13,42.52571009614382,13,45.16867201675934,2.6429619206155195
284,42.25161392359567,4,40.73858765368552,-1.5130262699101493
84,42.23452220721888,9,40.66571974651464,-1.5688024607042408
243,42.121594133794034,9,43.510368171357946,1.3887740375639126
213,41.97530864197531,3,38.8318311195446,-3.1434775224307074
195,41.83807219197419,2,31.08770858770859,-10.750363604265601
183,41.83647328057266,3,46.7267568836813,4.890283603108635
31,41.78618313842525,6,51.555219160329536,9.769036021904284
70,41.6212382402622,25,46.52093608687098,4.899697846608781
88,41.54473715269365,14,47.97791328020092,6.433176127507274
222,41.48036548703999,7,36.90492448052536,-4.57544100651463
145,41.37673966653918,16,38.507519729589056,-2.869219936950124
159,41.37157802354032,9,48.76777480743311,7.3961967838927904
131,41.0945356403431,2,63.32533013205282,22.230794491709716
187,41.08183805742063,6,45.982730166868805,4.900892109448172
280,41.079245458520575,8,45.07140207955933,3.9921566210387525
30,40.842493928986414,40,42.72004601800965,1.877552089023233
17,40.79741269237152,17,44.81247854220616,4.0150658498346345
285,40.7645093270601,87,47.56355398569463,6.799044658634536
108,40.53423533439956,12,40.17920005476291,-0.3550352796366525
67,40.45060642827146,15,40.39881376890092,-0.051792659370541116
288,40.42454728296831,4,44.05038085766081,3.6258335746925
137,40.414855239597024,4,35.904966810297694,-4.50988842929933
270,40.38298935554063,4,37.973607456899536,-2.4093818986410938
297,40.33315645542173,8,40.95955483573538,0.6263983803136526
133,40.328707897675855,58,41.236024249281726,0.9073163516058713
211,40.31461888193491,3,45.79038297556816,5.475764093633245
189,40.26651095809906,10,44.95109080716007,4.684579849061009
163,40.21651842549487,9,33.46103904474656,-6.755479380748305
267,40.11733439553191,2,22.54491540205826,-17.572418993473654
169,40.09362246772157,22,40.373220725132825,0.27959825741125144
94,40.02910741635996,8,49.311216057471945,9.282108641111982
128,39.93932014706717,6,42.30035742923508,2.3610372821679064
206,39.87436320354912,12,35.4676537585225,-4.406709445026621
135,39.86231902450804,5,49.70870105630634,9.8463820317983
231,39.81877764244319,11,45.45454368645196,5.635766044008776
148,39.75340136054422,1,36.11650485436893,-3.6368965061752903
123,39.72741607806783,17,39.36281535777951,-0.3646007202883226
110,39.69778829218356,6,34.78851307542988,-4.909275216753677
282,39.62101636520241,1,61.6925669350309,22.07155056982849
64,39.52845608141549,4,42.22242833640662,2.693972254991131
65,39.511895035792094,4,44.99901935405397,5.487124318261877
290,39.50182702055466,7,55.94336101309928,16.44153399254462
304,39.46245779400725,5,50.01461124522813,10.552153451220882
32,39.45301331550804,10,34.8472089869813,-4.605804328526737
44,39.419311093652745,8,42.99334573363127,3.574034639978528
197,39.31461382413107,11,35.743661195305464,-3.5709526288256086
97,39.19292131794541,5,30.98019329408922,-8.212728023856194
39,39.175795139102206,10,38.88111670164983,-0.2946784374523759
281,39.15745772567841,35,41.63926002654519,2.481802300866775
196,39.14517195767196,3,43.38445136952599,4.239279411854028
240,38.987962210483545,2,41.26330967169477,2.2753474612112257
205,38.85554008763971,4,26.998984608704006,-11.856555478935704
11,38.81937943724361,11,49.43504382332712,10.615664386083509
-1,38.81631997235653,4226,41.21903378568412,2.402713813327587
23,38.7122212454963,8,43.95028654321965,5.238065297723345
233,38.66261954722241,32,40.71789668114472,2.05527713392231
9,38.635746908751656,9,38.76662767830047,0.130880769548817
34,38.28352316250396,9,40.58094929796557,2.297426135461606
138,38.24557358845973,12,44.49226164370838,6.246688055248654
223,38.23538446692029,6,40.34071855408085,2.105334087160564
291,38.084382928683446,8,45.83244191911491,7.748058990431467
247,37.9071067958435,16,41.159516345637925,3.2524095497944288
199,37.88761386350552,10,43.45299837375522,5.5653845102497
253,37.69518268336789,9,49.17413014137857,11.47894745801068
129,37.62423429207676,15,32.15229006768211,-5.4719442243946474
262,37.595186442809535,2,43.802221888566784,6.207035445757249
71,37.58526065705943,3,42.00001335511149,4.414752698052062
181,37.282699539474805,29,38.08096553621027,0.7982659967354664
198,37.19304415176479,8,44.48181055802188,7.288766406257089
103,37.15774040207251,3,34.09296805553521,-3.0647723465373033
86,37.13455603499722,12,45.50481826151832,8.370262226521099
203,36.96615946164293,8,48.32967072777521,11.363511266132278
175,36.78388830367242,11,42.561985013152025,5.778096709479605
271,36.76470588235294,1,14.851485148514849,-21.913220733838095
219,36.651385155723865,13,33.57130927146027,-3.080075884263593
139,36.63168223602021,2,28.190595387091008,-8.441086848929203
29,36.60206906083107,6,47.60865191000735,11.006582849176283
274,36.54340065118499,3,40.53828588817144,3.9948852369864483
242,36.48877371132882,31,41.22695788432037,4.738184172991552
53,36.40357300139417,4,35.32280515162012,-1.0807678497740483
260,36.26433556135717,8,43.483942514751135,7.2196069533939635
118,36.22484566902183,8,40.14858256264687,3.9237368936250405
217,36.12994626871382,10,49.439723071495045,13.309776802781222
105,36.09646048453281,7,36.863846218996265,0.7673857344634527
27,36.083996364130975,6,37.78145309565869,1.6974567315277156
230,35.92444976010847,4,37.38453101674644,1.4600812566379702
21,35.68712966259864,3,53.875246483942135,18.188116821343492
98,35.61616385289594,16,37.92288420865569,2.306720355759751
36,35.584965071682056,6,45.742328781006826,10.15736370932477
272,35.49458201403578,9,56.49938271932093,21.00480070528515
58,35.43111718115437,34,44.37806515474003,8.946947973585658
226,35.298662015380565,3,32.977744995419144,-2.3209170199614206
263,35.28135628340335,3,47.85480538742405,12.573449104020703
171,35.0617193969538,4,41.90800444748958,6.8462850505357835
57,35.04438131595079,40,33.89086610698477,-1.1535152089660201
264,35.043937822428006,4,35.77239589040869,0.7284580679806822
165,34.996394174525186,11,45.948882826486255,10.952488651961069
178,34.97948824920039,2,44.51964289146437,9.540154642263985
7,34.9707710175283,38,42.68694092488048,7.716169907352182
215,34.928693003736974,3,48.14410827586334,13.215415272126364
120,34.90505208768179,24,33.23991139712385,-1.6651406905579407
124,34.84345856627692,11,31.781129333735294,-3.0623292325416287
106,34.79253826644534,11,41.10336647603675,6.310828209591406
151,34.76641405405571,3,33.1031452806952,-1.6632687733605067
26,34.74658161769455,6,38.34272066063367,3.5961390429391145
80,34.4072287053763,8,55.09747638940029,20.690247684023994
216,34.35638638171317,3,37.1414765727879,2.7850901910747297
143,34.19635274790121,28,49.322120950926426,15.125768203025217
83,34.1901302191307,15,36.23195190046348,2.0418216813327774
121,34.151965073839925,6,32.198328843197,-1.9536362306429282
85,33.692326169577846,17,39.40614969073559,5.713823521157742
47,33.69140184765785,9,38.295985421768975,4.604583574111125
54,33.66174322350268,2,31.32826997225725,-2.333473251245433
101,33.5565010566886,21,30.265105830096267,-3.2913952265923356
190,33.46831188135536,5,43.389296815019726,9.920984933664364
45,33.46250374545275,13,36.4327360001772,2.9702322547244506
229,33.412667615957346,5,30.42360838581645,-2.989059230140896
257,33.13009878651751,5,37.22029313021401,4.090194343696503
248,32.980591899824724,7,39.13102175680431,6.150429856979585
168,32.54022731823851,10,36.438669724613646,3.898442406375139
235,32.52551020408164,2,41.93131038647343,9.405800182391786
33,32.5160582907777,41,33.77157208412194,1.2555137933442424
214,32.49270841311541,8,42.16512010264445,9.672411689529042
259,32.48990390370979,19,33.91670221730717,1.4267983135973807
55,32.35692486572655,10,37.03241937637564,4.675494510649095
207,32.29528004793962,6,31.36313695863844,-0.9321430893011815
116,32.288699028476465,8,30.41162855032085,-1.8770704781556162
24,32.250537395035096,5,34.68486758051728,2.4343301854821817
150,32.11009174311927,1,70.81196581196582,38.70187406884655
245,32.10894890239954,6,46.500509488876354,14.391560586476814
60,32.056646972708684,3,23.5572945710254,-8.499352401683286
79,32.0553340335198,13,32.582247309044206,0.5269132755244073
144,32.006169740401226,25,31.9425027484875,-0.0636669919137276
102,31.939049391235372,15,31.134603581943797,-0.8044458092915754
56,31.91827595208025,9,33.27733406036572,1.359058108285467
236,31.584362139917697,1,40.24496937882765,8.66060723890995
68,31.543340662089168,5,39.79174400273917,8.248403340650004
225,31.46644100120893,6,34.238263285093865,2.7718222838849336
100,31.33387352203161,38,35.624915876448206,4.2910423544165965
227,31.23184015413785,23,31.398886043466124,0.1670458893282749
75,31.057858692445297,6,43.52405867400319,12.466199981557896
228,30.822390273357247,6,28.736842598840443,-2.0855476745168033
201,30.774126138896964,4,33.13564649678606,2.361520357889095
4,30.742365172189736,5,35.97197813817795,5.229612965988217
255,30.739153372780557,4,39.88186668700977,9.142713314229212
152,30.7184767517075,11,26.465331818970625,-4.253144932736873
182,30.58042149587925,13,40.57694692987802,9.99652543399877
268,30.537570870096264,13,30.818012181415888,0.280441311319624
155,30.44408021842861,6,36.34446298874113,5.900382770312518
142,30.26246092592182,10,45.75686797219009,15.494407046268275
221,29.81978134986604,5,44.46802260072188,14.64824125085584
147,29.7416563760864,5,31.076197346041795,1.3345409699553947
25,29.30823145395194,5,41.90780308285503,12.599571628903092
140,29.27792552190485,5,25.811559497734244,-3.4663660241706076
177,28.97723680674212,5,25.947661210806388,-3.0295755959357322
273,28.841556703002485,2,27.35010989905568,-1.491446803946804
276,28.48877898270116,7,33.39141213635955,4.902633153658389
162,28.28741039426523,2,27.27018385291766,-1.0172265413475685
154,27.66429401541277,2,30.59667778704476,2.93238377163199
188,27.650339498531583,4,39.998263613126014,12.34792411459443
239,27.65020324254648,5,37.25870206942417,9.608498826877689
89,27.517567029612668,5,29.02150640316382,1.5039393735511517
176,27.479091995221037,1,35.532407407407405,8.053315412186368
37,27.455129304095607,25,24.73561698083103,-2.7195123232645777
87,27.447089947089943,2,34.635689359650655,7.188599412560713
107,27.193427395811295,8,21.973117324845905,-5.22031007096539
63,27.10948772602615,6,48.622449292698285,21.512961566672136
172,26.98596129908112,33,30.77195954009248,3.785998241011363
185,26.426242848629148,13,30.43927144361281,4.013028594983663
119,26.20974968328898,8,37.94479594667535,11.73504626338637
49,25.995522733097047,4,47.81788594276999,21.822363209672943
174,25.79734610239058,78,26.43848375285139,0.6411376504608093
258,25.78557235035196,3,41.54510601491455,15.759533664562593
299,25.35308003855485,3,50.25064328680816,24.897563248253313
200,24.98550942155612,4,43.01564558629466,18.03013616473854
265,24.664832242777106,8,25.282761773596903,0.6179295308197972
212,24.093511450381687,1,7.874015748031496,-16.21949570235019
66,23.85244963369963,2,36.9567055640115,13.104255930311869
125,22.90076335877863,1,15.503875968992247,-7.396887389786382
81,22.871570772966933,4,38.54761011602663,15.6760393430597
51,22.7068345323741,1,27.56274923762609,4.85591470525199
164,22.180401356436104,4,21.99328632332229,-0.1871150331138125
62,21.742888574571747,3,19.93772206352288,-1.805166511048867
82,21.541465540359347,2,20.92117758784426,-0.6202879525150884
184,21.05855855855856,2,14.523714891361951,-6.534843667196608
186,20.49180327868852,1,20.49180327868852,0.0
173,19.483024691358025,5,12.269938650306749,-7.213086041051277
252,19.04761904761905,1,10.000000000000002,-9.04761904761905
5,17.033249165246346,71,21.72639147281033,4.693142307563985
78,16.393442622950822,1,53.04621848739496,36.65277586444414
92,15.314491938507688,2,11.842269716285465,-3.472222222222223
296,7.751937984496124,1,40.24496937882765,32.493031394331524
91,7.272727272727273,2,9.625668449197862,2.3529411764705888
